{"cameraMode":{"drawMode":0,"name":"Shaded","section":"Shading Mode"},"sceneLighting":true,"audioPlay":false,"sceneViewState":{"m_AlwaysRefresh":false,"showFog":true,"showSkybox":true,"showFlares":true,"showImageEffects":true,"showParticleSystems":true,"showVisualEffectGraphs":true,"m_FxEnabled":true},"in2DMode":false,"pivot":{"x":-13.678762435913086,"y":1.0950088500976563,"z":-58.24856185913086},"rotation":{"x":-0.18820767104625703,"y":0.2149290144443512,"z":-0.042258813977241519,"w":-0.9574837684631348},"size":14.794859886169434,"orthographic":true}