{"cameraMode":{"drawMode":0,"name":"Shaded","section":"Shading Mode"},"sceneLighting":true,"audioPlay":false,"sceneViewState":{"m_AlwaysRefresh":false,"showFog":true,"showSkybox":true,"showFlares":true,"showImageEffects":true,"showParticleSystems":true,"showVisualEffectGraphs":true,"m_FxEnabled":true},"in2DMode":false,"pivot":{"x":17.196138381958009,"y":0.32649898529052737,"z":-5.207228660583496},"rotation":{"x":0.18057164549827577,"y":-0.5173566341400147,"z":0.11270702630281449,"w":0.8288756608963013},"size":1.546164631843567,"orthographic":true}