{"cameraMode":{"drawMode":0,"name":"Shaded","section":"Shading Mode"},"sceneLighting":false,"audioPlay":false,"sceneViewState":{"m_AlwaysRefresh":false,"showFog":true,"showSkybox":false,"showFlares":true,"showImageEffects":true,"showParticleSystems":true,"showVisualEffectGraphs":true,"m_FxEnabled":true},"in2DMode":false,"pivot":{"x":0.15777438879013062,"y":0.1139337494969368,"z":-0.35586851835250857},"rotation":{"x":0.1654326617717743,"y":-0.08421561121940613,"z":0.01418547797948122,"w":0.9825314879417419},"size":0.37657007575035097,"orthographic":false}